image,true label,Prasanna Ramamurthi (1),Khushi (2)
12810_9mifsrp.jpg,preselection,hidden_information,none
1098.jpg,none,preselection,none
music_21--tunein-radio-0-16_e31e.jpg,preselection,hidden_information,preselection
us.pandora.net.png,none,urgency,none
1052.jpg,none,none,hidden_information
www.gasbike.net.png,urgency,none,urgency
1366_8h8kxdb.jpg,preselection,hidden_information,preselection
13686.jpg,preselection,urgency,none
2ndsworld.com.au.png,none,social_proof,none
13413_vr8is1f.jpg,hidden_information,none,hidden_information
music_17--free-music-8-40_4b8a.jpg,hidden_information,none,hidden_information
urbanedcsupply.com.png,none,social_proof,none
leprix.com.png,none,none,urgency
1121.jpg,none,hidden_information,none
www.dreamcloudsleep.com.png,urgency,hidden_information,none
groupon.com.png,none,none,preselection
1432.jpg,none,urgency,none
1472_oqsyxmb.jpg,preselection,preselection,none
www.geekbuying.com.png,urgency,hidden_information,urgency
dekanta.com.png,none,hidden_information,preselection
12978.jpg,preselection,social_proof,none
1434.jpg,none,preselection,none
1202_webrhd8.jpg,preselection,preselection,none
maccosmetics.co.uk.png,none,urgency,none
121_fkjpdve.jpg,hidden_information,none,hidden_information
www.wowcher.co.uk.png,scarcity,none,urgency
10480.jpg,preselection,preselection,none
linenchest.com.png,none,urgency,none
11510_8rrqbwu.jpg,preselection,none,preselection
(360)www.jjshouse.com_7293.jpg,urgency,none,urgency
1476_zwn50sx.jpg,preselection,none,preselection
1073.jpg,none,none,social_proof
blenderseyewear.com.png,none,urgency,none
communication_19--talkatone-4-27_1499.jpg,hidden_information,preselection,hidden_information
(89)www.harveynorman.com.sg_bb02.jpg,preselection,hidden_information,preselection
1094.jpg,none,preselection,none
(159)www.victorianplumbing.co.uk_62cc.jpg,urgency,none,urgency
(340)www.forzieri.com_0192.jpg,urgency,urgency,none
12468_3g5dufg.jpg,hidden_information,hidden_information,none
fashionphile.com.png,none,social_proof,none
1954.jpg,none,hidden_information,none
1945.jpg,none,preselection,none
high_demand_message_2.png,scarcity,urgency,none
(862)www.roamans.com_03b3.jpg,hidden_information,hidden_information,preselection
communication_20--call-free-free-online-1-51_ce2e.jpg,preselection,preselection,hidden_information
1946.jpg,none,none,preselection
1380.jpg,none,preselection,none
myfave.com.png,none,hidden_information,preselection
(337)www.floryday.com_3f1c.jpg,urgency,hidden_information,urgency
1126.jpg,none,hidden_information,none
bobswatches.com.png,none,social_proof,none
music_12--free-ringtone-0-22_28f6.jpg,hidden_information,preselection,hidden_information
