text,true_label,predicted
Buy it before the timer runs out,urgency,none
There are hardly any of these remaining,scarcity,none
You would be missing out if you say no,confirmshaming,hidden_information
"The performance of the product is better now, only 17 made ever",scarcity,none
Are you sure you want to stop protecting your family?,confirmshaming,preselection
1000 left,none,scarcity
between 0 and 1 million left in stock,none,scarcity
25 people have this in their cart at the moment,scarcity,social_proof
70% of our users are making more than 700K,social_proof,none
"Everyone in dallas is buying the new ford bronco, now is your time",social_proof,urgency
Free shipping on orders over $50,none,urgency
Currently out of stock,none,scarcity
Summer sale: 20% off all sandals,none,urgency
Ships in 3 to 5 business days,none,social_proof
Return it within 30 days for a full refund,none,urgency
Now available in three colors,none,social_proof
Save this item to your wishlist,none,preselection
Compare similar items,none,hidden_information
Sign in to see your order history,none,preselection
This product weighs 2.3 lbs and ships from Ohio,none,social_proof
