image,label,predicted
nutrabay.com.png,social_proof,none
justhype.com.png,urgency,urgency
www.gasbike.net.png,urgency,urgency
(931)www.zzounds.com_68a4.jpg,urgency,urgency
groupon.com.png,none,none
2ndsworld.com.au.png,none,none
4wdsupacentre.com.au.png,none,none
aptdeco.com.png,none,none
artsper.com.png,none,urgency
beyondretro.com.png,none,none
bokksu.com.png,none,none
brandhousedirect.com.au.png,none,none
brandsforless.com.png,none,none
brosa.com.au.png,none,none
catch.com.au.png,none,none
centralvapors.com.png,none,none
claires.com.png,none,none
d-fantix.com.png,none,none
dipyourcar.com.png,none,urgency
flatpyramid.com.png,none,none
headphonezone.in.png,none,hidden_information
healthrangerstore.com.png,none,urgency
hipvan.com.png,none,urgency
houzz.com.png,none,none
josbank.com.png,none,none
kohls.com.png,none,preselection
lectory.com.au.png,none,none
luckytacklebox.com.png,none,none
maccosmetics.co.uk.png,none,none
madison-reed.com.png,none,none
mxstore.com.au.png,none,none
organicaromas.com.png,none,none
shop.iravin.com.png,none,none
victoriaplum.com.png,none,social_proof
countycomm.com.png,none,hidden_information
diyelectricskateboard.com.png,none,none
fabrics-store.com.png,none,none
fwreshinc.com.png,none,none
motoloot.com.png,scarcity,urgency
www.selectblinds.com.png,urgency,urgency
electricfireplacesdepot.com.png,urgency,urgency
house_of_fraser-blog-full.jpg,scarcity,none
stock-optimization.png,scarcity,none
www.aafnation.com.png,scarcity,scarcity
www.adoreme.com.png,urgency,hidden_information
www.stealthangelsurvival.com.png,social_proof,scarcity
www.uksoccershop.com.png,urgency,urgency
(359)www.jjshouse.com_30a7.jpg,urgency,urgency
(94)www.hotter.com_dcde.jpg,hidden_information,preselection
(449)www.victorianplumbing.co.uk_7777.jpg,urgency,urgency
(708)www.ebay.ca_d3e8.jpg,urgency,none
(177)www.adoreme.com_a719.jpg,urgency,none
(552)www.penningtons.com_6870.jpg,urgency,urgency
(146)www.sivanaspirit.com_96c5.jpg,hidden_information,none
(360)www.jjshouse.com_7293.jpg,urgency,none
(233)www.sivanaspirit.com_5b1f.jpg,hidden_information,none
(340)www.forzieri.com_0192.jpg,urgency,urgency
(782)www.levenger.com_33f7.jpg,scarcity,hidden_information
(23)nutrabay.com_5665.jpg,social_proof,none
(334)www.fanatics.com_cceb.jpg,urgency,urgency
(662)www.bcbg.com_a8d3.jpg,preselection,none
(27)puffy.com_f607.jpg,urgency,none
(159)www.victorianplumbing.co.uk_62cc.jpg,urgency,urgency
1945.jpg,none,none
1947.jpg,none,urgency
1953.jpg,none,preselection
1955.jpg,none,none
1957.jpg,none,none
1969.jpg,none,none
1971.jpg,none,none
1972.jpg,none,none
10002.jpg,none,none
10003.jpg,none,none
10012.jpg,none,none
10014.jpg,none,none
10020.jpg,none,none
10024.jpg,none,none
10025.jpg,none,preselection
10029.jpg,none,none
1052.jpg,none,none
1058.jpg,none,none
1059.jpg,none,hidden_information
1092.jpg,none,none
1093.jpg,none,none
1095.jpg,none,none
1097.jpg,none,none
1101.jpg,none,urgency
1102.jpg,none,none
1106.jpg,none,none
1108.jpg,none,none
1114.jpg,none,preselection
1115.jpg,none,hidden_information
1116.jpg,none,none
1120.jpg,none,urgency
1126.jpg,none,none
1369.jpg,none,none
1370.jpg,none,none
1374.jpg,none,none
1375.jpg,none,none
1378.jpg,none,none
1379.jpg,none,none
1383.jpg,none,none
1384.jpg,none,preselection
1386.jpg,none,none
1388.jpg,none,none
1391.jpg,none,none
1393.jpg,none,none
1396.jpg,none,preselection
1397.jpg,none,preselection
1400.jpg,none,none
1406.jpg,none,none
1408.jpg,none,none
1410.jpg,none,none
1411.jpg,none,none
1416.jpg,none,none
1417.jpg,none,urgency
1429.jpg,none,none
17.jpg,none,none
18.jpg,none,social_proof
101.jpg,none,preselection
103.jpg,none,preselection
107.jpg,none,preselection
108.jpg,none,preselection
110.jpg,none,preselection
111.jpg,none,none
115.jpg,none,preselection
117.jpg,none,preselection
12247_Lb9PIqo.jpg,preselection,preselection
1366_8h8kXDb.jpg,preselection,hidden_information
119.jpg,hidden_information,none
121_FKJpDve.jpg,hidden_information,none
1137_H9zzoUq.jpg,preselection,none
1202_WEBRHD8.jpg,preselection,preselection
1238_IpgL3JU.jpg,hidden_information,preselection
1472_OQsyXMb.jpg,preselection,preselection
1476_zWN50Sx.jpg,preselection,preselection
10447_lXAva8J.jpg,preselection,none
10480.jpg,preselection,none
10791_e5jsjLi.jpg,preselection,preselection
11203_zZ33eBw.jpg,preselection,preselection
12468_3G5DUfg.jpg,hidden_information,hidden_information
12733.jpg,preselection,preselection
12978.jpg,preselection,none
12990.jpg,hidden_information,none
13413_Vr8iS1f.jpg,hidden_information,none
entertainment_19--Face-Secret-Master-0-7_b147.jpg,hidden_information,hidden_information
music_30--Music-Bass-Equalizer-0-6_6cef.jpg,hidden_information,preselection
entertainment_19--Face-Secret-Master-4-30_cc29.jpg,preselection,hidden_information
communication_21--Marco-Polo-1-49_eafd.jpg,preselection,preselection
communication_15--messages-0-6_d2d8.jpg,preselection,preselection
entertainment_19--Face-Secret-Master-5-15_5310.jpg,hidden_information,none
communication_26--Puffin-Browser-0-9_da66.jpg,preselection,preselection
communication_19--Talkatone-7-7_3541.jpg,hidden_information,preselection
music_12--Free-Ringtone-0-22_28f6.jpg,hidden_information,preselection
communication_8--Google-duo-1-46_ba05.jpg,preselection,preselection
music_22--Starmaker-0-20_1d76.jpg,preselection,urgency
music_21--TuneIn-Radio-0-40_582f.jpg,hidden_information,preselection
communication_11--firefox-4-32_79cc.jpg,preselection,preselection
communication_28--wechat-3-49_b1ca.jpg,preselection,preselection
music_21--TuneIn-Radio-0-16_e31e.jpg,preselection,hidden_information
music_1--Spotify-1-13_d144.jpg,preselection,preselection
communication_20--call-free-free-online-1-51_ce2e.jpg,preselection,none
music_12--Free-Ringtone-0-15_3a76.jpg,hidden_information,hidden_information
music_4--SounCloud-0-46-snap3_0d6c.jpg,preselection,preselection
music_30--Music-Bass-Equalizer-0-12_24d3.jpg,preselection,preselection
communication_19--Talkatone-4-27_1499.jpg,hidden_information,preselection
music_21--TuneIn-Radio-1-14_6762.jpg,preselection,preselection
entertainment_19--Face-Secret-Master-0-21_5fda.jpg,preselection,hidden_information
communication_13--telegram-1-41_c3b3.jpg,preselection,preselection
music_22--Starmaker-8-1_9e27.jpg,preselection,none
music_1--Spotify-1-6_55ff.jpg,preselection,preselection
entertainment_19--Face-Secret-Master-2-40_3ce2.jpg,hidden_information,hidden_information
music_16--Google-Podcast-0-20_c5af.jpg,preselection,preselection
music_22--Starmaker-3-8_27d0.jpg,hidden_information,none
