model,metric,value
embeddings_whole,sent_f1_four,0.9789197267693
embeddings_whole,shot_accuracy,0.5977011494252874
embeddings_whole,shot_always_none,0.5632183908045977
embeddings_whole,shot_dark_f1,0.6530612244897959
embeddings_whole,heldout_none_passed,2.0
embeddings_whole,heldout_dark_right,21.0
embeddings_windows,sent_f1_four,0.9789197267693
embeddings_windows,shot_accuracy,0.6206896551724138
embeddings_windows,shot_always_none,0.5632183908045977
embeddings_windows,shot_dark_f1,0.691358024691358
embeddings_windows,heldout_none_passed,2.0
embeddings_windows,heldout_dark_right,21.0
embeddings_windows_nonechunks,sent_f1_four,0.9659297294727333
embeddings_windows_nonechunks,shot_accuracy,0.6149425287356322
embeddings_windows_nonechunks,shot_always_none,0.5632183908045977
embeddings_windows_nonechunks,shot_dark_f1,0.6751592356687898
embeddings_windows_nonechunks,heldout_none_passed,9.0
embeddings_windows_nonechunks,heldout_dark_right,21.0
